AVERY,0.010000
RILEY,0.009967
JORDAN,0.009934
PARKER,0.009901
TAYLOR,0.009868
QUINN,0.009836
MORGAN,0.009804
CAMERON,0.009773
REESE,0.009742
SAWYER,0.009711
ROWAN,0.009681
EMERSON,0.009651
FINLEY,0.009622
DAKOTA,0.009593
SKYLER,0.009564
HAYDEN,0.009536
ELLIOT,0.009508
CHARLIE,0.009481
ALEX,0.009454
CASEY,0.009427
RIVER,0.009401
PHOENIX,0.009375
REMY,0.009350
RORY,0.009324
EDEN,0.009300
BLAKE,0.009275
ARDEN,0.009251
SAGE,0.009227
TATUM,0.009204
LENNON,0.009181
HARLEY,0.009158
SHILOH,0.009136
ARI,0.009114
JUSTICE,0.009092
SKYLAR,0.009071
DALLAS,0.009050
KENDALL,0.009030
PAYTON,0.009010
CASE,0.008990
JULES,0.008971
MONROE,0.008952
HOLLIS,0.008933
ELLIS,0.008915
BLAIR,0.008897
LANE,0.008879
SASHA,0.008862
CAMPBELL,0.008845
LINDEN,0.008828
SHAY,0.008812
AINSLEY,0.008796
MARLEY,0.008780
INDIGO,0.008765
OCEAN,0.008750
ONYX,0.008735
BRIAR,0.008720
WINTER,0.008706
SUNNY,0.008692
STORM,0.008678
ROYAL,0.008665
ZEPHYR,0.008651
COVE,0.008638
HAVEN,0.008626
JOURNEY,0.008613
TRUE,0.008601
ARROW,0.008589
LAKE,0.008577
ROBIN,0.008566
JADEN,0.008554
KYRIE,0.008543
ASPEN,0.008532
MILAN,0.008521
REIGN,0.008510
LUX,0.008500
ELLERY,0.008489
CYAN,0.008479
GRAY,0.008469
BELLAMY,0.008460
HARLOW,0.008450
EVER,0.008441
NOA,0.008432
LIOR,0.008423
ARIEL,0.008414
CLEO,0.008406
EMERY,0.008397
JESSE,0.008389
KIT,0.008381
LAKEN,0.008373
MARLOW,0.008365
NOVA,0.008358
PERRY,0.008350
REAGAN,0.008343
SHAYDEN,0.008336
TORY,0.008329
VAL,0.008322
WYNN,0.008316
ZION,0.008309
ARLO,0.008303
BOWIE,0.008297
CARTER,0.008291
DEVIN,0.008285
FRANKIE,0.008279
HALE,0.008273
JORY,0.008268
KEEGAN,0.008262
MICA,0.008257
OAKLEY,0.008252
PAX,0.008247
REEVE,0.008242
SOREN,0.008237
TARIAN,0.008232
VESPER,0.008228
WREN,0.008223
YAEL,0.008219
ZURI,0.008214
AUSTIN,0.008210
BRONTE,0.008206
CARY,0.008202
DENVER,0.008198
EMBER,0.008194
FABLE,0.008190
GALEN,0.008187
HARMONY,0.008183
ISLEY,0.008180
JAMIE,0.008176
KAI,0.008173
LEITH,0.008170
MICAH,0.008167
NICO,0.008164
OZZIE,0.008161
PIPER,0.008158
QUIN,0.008155
RAY,0.008152
SALEM,0.008150
TIERNEY,0.008147
UMBER,0.008145
VAIL,0.008142
WHIT,0.008140
XEN,0.008138
YALE,0.008136
ZEN,0.008134
ALBY,0.008132
BEX,0.008130
CADE,0.008128
DALE,0.008126
ELLINGTON,0.008124
FROST,0.008122
GREY,0.008120
HAYES,0.008119
IRIS,0.008117
JOSS,0.008115
KODA,0.008114
LARK,0.008112
MERRITT,0.008111
NORI,0.008109
ONYXIA,0.008108
POET,0.008106
QUEST,0.008105
RIVEN,0.008104
SABLE,0.008102
TAMSIN,0.008101
ULI,0.008100
VANYA,0.008099
WILLOW,0.008098
XAVI,0.008097
YARDEN,0.008096
ZAY,0.008095
ALDEN,0.008094
BANYAN,0.008093
CIRRUS,0.008092
DRAY,0.008091
ELAN,0.008090
FENN,0.008089
GENTRY,0.008088
HALO,0.008087
ION,0.008086
JAE,0.008085
KIER,0.008084
LUMI,0.008083
MONTANA,0.008082
NOVALEE,0.008081
ONYXON,0.008080
PRESLEY,0.008079
QUILL,0.008078
RAYNE,0.008077
SOREL,0.008076
TAL,0.008075
ULYS,0.008074
VOSS,0.008073
WYNNE,0.008072
XARA,0.008071
YANI,0.008070
ZANE,0.008069
ALTAIR,0.008068
BRAVE,0.008067
CLOUD,0.008066
DUNE,0.008065
EMBERLY,0.008064
FARREN,0.008063
GLEN,0.008062
HUXLEY,0.008061
IVORY,0.008060
JULE,0.008059
KELSEY,0.008058
LINDO,0.008057
MARS,0.008056
NOVAUX,0.008055
ONYXEL,0.008054
PAXTON,0.008053
QUINLAN,0.008052
RAYNOR,0.008051
SORELL,0.008050
TALON,0.008049
ULMER,0.008048
VEX,0.008047
WILDER,0.008046
XENO,0.008045
YULE,0.008044
ZEP,0.008043
ALSTON,0.008042
BARD,0.008041
CREEK,0.008040
DORAN,0.008039
ELIO,0.008038
FENNEL,0.008037
GROVE,0.008036
HART,0.008035
IVAN,0.008034
JORYN,0.008033
KAIRO,0.008032
LORIN,0.008031
MERRIN,0.008030
NOLAN,0.008029
ONYXOR,0.008028
PENN,0.008027
QUINCE,0.008026
RHYSE,0.008025
SOL,0.008024
TALLEY,0.008023
ULAN,0.008022
VANN,0.008021
WELLS,0.008020
XANDER,0.008019
YANNI,0.008018
ZARO,0.008017
ALVIE,0.008016
BRAM,0.008015
COVEY,0.008014
DORIN,0.008013
ELDEN,0.008012
FARIS,0.008011
GIL,0.008010
HOLLEN,0.008009
IRVIN,0.008008
JEM,0.008007
KIERAN,0.008006
LORNE,0.008005
MICAEL,0.008004
NOLI,0.008003
ORIN,0.008002
PERRIN,0.008001
QUINBY,0.008000
RIVEN,0.007999
SORENNE,0.007998
TALIN,0.007997
ULRIC,0.007996
VAYE,0.007995
WRENLY,0.007994
XENON,0.007993
YARDLEY,0.007992
ZAYDEN,0.007991
AERO,0.007990
BEXLEY,0.007989
CADELL,0.007988
DRAYTON,0.007987
ELIOR,0.007986
FENIX,0.007985
GREYSON,0.007984
HOLLISEN,0.007983
INDI,0.007982
JOVI,0.007981
KAIROS,0.007980
LIR,0.007979
MIRIN,0.007978
NIKO,0.007977
ONYXEN,0.007976
PERRIS,0.007975
QUILLAN,0.007974
RUMI,0.007973
SOLEN,0.007972
TALOS,0.007971
ULIANA,0.007970
VIREN,0.007969
WYNTER,0.007968
XOLA,0.007967
YANIQUE,0.007966
ZAREL,0.007965
AIDEN,0.007964
BLAISE,0.007963
COVEYON,0.007962
DORIEL,0.007961
ELONI,0.007960
FABLEY,0.007959
GILBY,0.007958
HALEN,0.007957
IONA,0.007956
JORYL,0.007955
KELAN,0.007954
LORIEL,0.007953
MERRIX,0.007952
NOLLAN,0.007951
ORIEL,0.007950
PAXEN,0.007949
QUINNELL,0.007948
RHYLAN,0.007947
SORENZA,0.007946
TALYN,0.007945
ULYSEN,0.007944
VANNOR,0.007943
WELDEN,0.007942
XAY,0.007941
YARIX,0.007940
ZAVEN,0.007939
ALSTONN,0.007938
BRIX,0.007937
CREE,0.007936
DORVYN,0.007935
ELDRIN,0.007934
FARROW,0.007933
GROVEN,0.007932
HARTEN,0.007931
IVANNE,0.007930
JEMSON,0.007929
KIERSON,0.007928
LORAN,0.007927
MICAI,0.007926
NORREN,0.007925
ORSON,0.007924
PERRON,0.007923
QUINZEL,0.007922
RHYVER,0.007921
SOLAN,0.007920
TALVER,0.007919
ULRIN,0.007918
VAYLOR,0.007917
WEX,0.007916
XARON,0.007915
YAVEN,0.007914
ZORIN,0.007913
ALVOR,0.007912
BRANN,0.007911
CORT,0.007910
DORVAN,0.007909
ELRO,0.007908
FARIN,0.007907
GILAN,0.007906
HOLLENX,0.007905
IRVON,0.007904
JEMAR,0.007903
KIERLON,0.007902
LORIX,0.007901
MIRAN,0.007900
NORIX,0.007899
ORLEN,0.007898
PERRIX,0.007897
QUINRO,0.007896
RHYSON,0.007895
SOLIX,0.007894
TALIX,0.007893
ULRIX,0.007892
VAYN,0.007891
WELRIN,0.007890
XARIX,0.007889
YORIN,0.007888
ZARIX,0.007887
