WEI,0.007204
JUN,0.007205
TAO,0.007206
LEI,0.007207
HAO,0.007208
QIANG,0.007209
YONG,0.007210
JIE,0.007211
MING,0.007212
CHAO,0.007213
PENG,0.007214
BO,0.007215
YU,0.007216
HUI,0.007217
GANG,0.007218
FENG,0.007219
BIN,0.007220
QING,0.007221
ZHEN,0.007222
HONG,0.007223
XIN,0.007224
ZHENG,0.007225
XUE,0.007226
LIN,0.007227
JIAN,0.007228
ZHOU,0.007229
CHENG,0.007230
RUI,0.007231
XU,0.007232
YANG,0.007233
ZHIXUAN,0.007234
ZIXUAN,0.007235
ZIHAN,0.007236
ZIMING,0.007237
ZILIN,0.007238
ZIHUI,0.007239
ZIRUI,0.007240
ZIQI,0.007241
ZIXIN,0.007242
ZICHAO,0.007243
ZILE,0.007244
ZIHANG,0.007245
ZITAO,0.007246
ZIKAI,0.007247
ZIMAO,0.007248
ZIHENG,0.007249
ZIHAN,0.007250
ZIRAN,0.007251
ZILONG,0.007252
ZIBO,0.007253
ZIFENG,0.007254
ZIMING,0.007255
ZIRUI,0.007256
